{"cameraMode":{"drawMode":0,"name":"Shaded","section":"Shading Mode"},"sceneLighting":false,"audioPlay":false,"sceneViewState":{"m_AlwaysRefresh":false,"showFog":true,"showSkybox":true,"showFlares":true,"showImageEffects":true,"showParticleSystems":true,"showVisualEffectGraphs":true,"m_FxEnabled":true},"in2DMode":false,"pivot":{"x":6.023404598236084,"y":-0.9499201774597168,"z":0.2774791121482849},"rotation":{"x":0.03088400326669216,"y":-0.028444452211260797,"z":-0.000892434676643461,"w":-0.9991705417633057},"size":0.5686415433883667,"orthographic":false}