{"cameraMode":{"drawMode":0,"name":"Shaded","section":"Shading Mode"},"sceneLighting":false,"audioPlay":false,"sceneViewState":{"m_AlwaysRefresh":false,"showFog":true,"showSkybox":true,"showFlares":true,"showImageEffects":true,"showParticleSystems":true,"showVisualEffectGraphs":true,"m_FxEnabled":true},"in2DMode":false,"pivot":{"x":5.3755903244018559,"y":0.0949116051197052,"z":-3.026193618774414},"rotation":{"x":-0.008233779110014439,"y":-0.986968994140625,"z":-0.05125375837087631,"w":0.15587691962718965},"size":1.0348773002624512,"orthographic":false}