{"cameraMode":{"drawMode":0,"name":"Shaded","section":"Shading Mode"},"sceneLighting":false,"audioPlay":false,"sceneViewState":{"m_AlwaysRefresh":false,"showFog":true,"showSkybox":true,"showFlares":true,"showImageEffects":true,"showParticleSystems":true,"showVisualEffectGraphs":true,"m_FxEnabled":true},"in2DMode":false,"pivot":{"x":4.610979080200195,"y":-0.45534878969192507,"z":-2.1071181297302248},"rotation":{"x":-0.01711677759885788,"y":-0.0393279530107975,"z":0.000021701318473787978,"w":-0.9995813965797424},"size":0.9726240038871765,"orthographic":false}