{"cameraMode":{"drawMode":0,"name":"Shaded","section":"Shading Mode"},"sceneLighting":false,"audioPlay":false,"sceneViewState":{"m_AlwaysRefresh":false,"showFog":true,"showSkybox":true,"showFlares":true,"showImageEffects":true,"showParticleSystems":true,"showVisualEffectGraphs":true,"m_FxEnabled":true},"in2DMode":false,"pivot":{"x":5.994292259216309,"y":-0.9871980547904968,"z":-2.132897138595581},"rotation":{"x":0.1809769719839096,"y":0.056254226714372638,"z":-0.008903352543711663,"w":0.982401967048645},"size":1.2336552143096924,"orthographic":false}