{"cameraMode":{"drawMode":0,"name":"Shaded","section":"Shading Mode"},"sceneLighting":false,"audioPlay":false,"sceneViewState":{"m_AlwaysRefresh":false,"showFog":true,"showSkybox":true,"showFlares":true,"showImageEffects":true,"showParticleSystems":true,"showVisualEffectGraphs":true,"m_FxEnabled":true},"in2DMode":false,"pivot":{"x":7.0260772705078129,"y":-1.0057809352874756,"z":-2.6003992557525636},"rotation":{"x":0.047705430537462237,"y":0.7139505743980408,"z":-0.05948777124285698,"w":0.696923553943634},"size":1.8488292694091797,"orthographic":false}