{"cameraMode":{"drawMode":0,"name":"Shaded","section":"Shading Mode"},"sceneLighting":false,"audioPlay":false,"sceneViewState":{"m_AlwaysRefresh":false,"showFog":true,"showSkybox":true,"showFlares":true,"showImageEffects":true,"showParticleSystems":true,"showVisualEffectGraphs":true,"m_FxEnabled":true},"in2DMode":false,"pivot":{"x":6.090000629425049,"y":-1.3185226917266846,"z":-2.264469861984253},"rotation":{"x":0.17810910940170289,"y":0.035604629665613177,"z":-0.01579669862985611,"w":0.9839115142822266},"size":0.36242634057998659,"orthographic":false}