{"cameraMode":{"drawMode":0,"name":"Shaded","section":"Shading Mode"},"sceneLighting":false,"audioPlay":false,"sceneViewState":{"m_AlwaysRefresh":false,"showFog":true,"showSkybox":true,"showFlares":true,"showImageEffects":true,"showParticleSystems":true,"showVisualEffectGraphs":true,"m_FxEnabled":true},"in2DMode":false,"pivot":{"x":0.14670753479003907,"y":-2.8352909088134767,"z":-0.7903733253479004},"rotation":{"x":-0.2628791630268097,"y":0.45305684208869936,"z":-0.14268362522125245,"w":-0.8404054045677185},"size":3.494058132171631,"orthographic":false}